1,2002-12-07,10,23,29,33,37,40,16,0,0
2,2002-12-14,9,13,21,25,32,42,2,2002006800,1
3,2002-12-21,11,16,19,21,27,31,30,2000000000,1
4,2002-12-28,14,27,30,31,40,42,2,0,0
5,2003-01-04,16,24,29,40,41,42,3,0,0
6,2003-01-11,14,15,26,27,40,42,34,6574451700,1
7,2003-01-18,2,9,16,25,26,40,42,0,0
8,2003-01-25,8,19,25,34,37,39,9,0,0
9,2003-02-01,2,4,16,17,36,39,14,0,0
10,2003-02-08,9,25,30,33,41,44,6,6430437900,13
11,2003-02-15,1,7,36,37,41,42,14,4780152300,5
12,2003-02-22,2,11,21,25,39,45,44,1348845700,12
13,2003-03-01,22,23,25,37,38,42,26,0,0
14,2003-03-08,2,6,12,31,33,40,15,9375048300,4
15,2003-03-15,3,4,16,30,31,37,13,17014245000,1
16,2003-03-22,6,7,24,37,38,40,33,4377146100,4
17,2003-03-29,3,4,9,17,32,37,1,5349491200,3
18,2003-04-05,3,12,13,19,32,35,29,0,0
19,2003-04-12,6,30,38,39,40,43,26,40722959400,1
20,2003-04-19,10,14,18,20,23,30,41,19352212800,1
21,2003-04-26,6,12,17,18,31,32,21,797475400,23
22,2003-05-03,4,5,6,8,17,39,25,4552194900,4
23,2003-05-10,5,13,17,18,33,42,44,4317947700,4
24,2003-05-17,7,8,27,29,36,43,6,0,0
25,2003-05-24,2,4,21,26,43,44,16,24227745300,2
26,2003-05-31,4,5,7,18,20,25,31,3495069900,5
27,2003-06-07,1,20,26,28,37,43,27,9543982500,2
28,2003-06-14,9,18,23,25,35,37,1,1700361100,10
29,2003-06-21,1,5,13,34,39,40,11,3552594000,5
30,2003-06-28,8,17,20,35,36,44,4,8728555500,2
31,2003-07-05,7,9,18,23,28,35,32,8106672900,2
32,2003-07-12,6,14,19,25,34,44,11,1634528300,10
33,2003-07-19,4,7,32,33,40,41,9,14903517600,1
34,2003-07-26,9,26,35,37,40,42,2,3056918000,5
35,2003-08-02,2,3,11,26,37,43,39,5054598200,3
36,2003-08-09,1,10,23,26,28,40,31,16014475800,1
37,2003-08-16,7,27,30,33,35,37,42,4985999400,3
38,2003-08-23,16,17,22,30,37,43,36,5374866400,3
39,2003-08-30,6,7,13,15,21,43,8,2623748800,6
40,2003-09-06,7,13,18,19,25,26,6,1147652400,13
41,2003-09-13,13,20,23,35,38,43,34,0,0
42,2003-09-20,17,18,19,21,23,32,1,6899280100,6
43,2003-09-27,6,31,35,38,39,44,1,17749630800,1
44,2003-10-04,3,11,21,30,38,45,39,3362155800,5
45,2003-10-11,1,10,20,27,33,35,17,8356417800,2
46,2003-10-18,8,13,15,23,31,38,39,5327758800,3
47,2003-10-25,14,17,26,31,36,45,27,3250042400,5
48,2003-11-01,6,10,18,26,37,38,3,2415673600,6
49,2003-11-08,4,7,16,19,33,40,30,1967504600,7
50,2003-11-15,2,10,12,15,22,44,1,5227061400,3
51,2003-11-22,2,3,11,16,26,44,35,2421117000,6
52,2003-11-29,2,4,15,16,20,29,1,3900844900,4
53,2003-12-06,7,8,14,32,33,39,42,5014371000,3
54,2003-12-13,1,8,21,27,36,39,37,5148626600,3
55,2003-12-20,17,21,31,37,40,44,7,7088799600,2
56,2003-12-27,10,14,30,31,33,37,19,3777570900,4
57,2004-01-03,7,10,16,25,29,44,6,4114411900,4
58,2004-01-10,10,24,25,33,40,44,1,3676429200,4
59,2004-01-17,6,29,36,39,41,45,13,4127587300,4
60,2004-01-24,2,8,25,36,39,42,11,2172504600,7
61,2004-01-31,14,15,19,30,38,43,8,3541038800,5
62,2004-02-07,3,8,15,27,29,35,21,15817286400,1
63,2004-02-14,3,20,23,36,38,40,5,7922245500,2
64,2004-02-21,14,15,18,21,26,36,39,3899818000,4
65,2004-02-28,4,25,33,36,40,43,39,3727945800,4
66,2004-03-06,2,3,7,17,22,24,45,3685138200,4
67,2004-03-13,3,7,10,15,36,38,33,2114436500,7
68,2004-03-20,10,12,15,16,26,39,38,2945882100,5
69,2004-03-27,5,8,14,15,19,39,35,4962712200,3
70,2004-04-03,5,19,22,25,28,43,26,5031277800,3
71,2004-04-10,5,9,12,16,29,41,21,0,0
72,2004-04-17,2,4,11,17,26,27,1,3260524600,13
73,2004-04-24,3,12,18,32,40,43,38,2766662100,6
74,2004-05-01,6,15,17,18,35,40,23,5284949800,3
75,2004-05-08,2,5,24,32,34,44,28,3914616900,4
76,2004-05-15,1,3,15,22,25,37,43,7451022600,2
77,2004-05-22,2,18,29,32,43,44,37,5155758600,3
78,2004-05-29,10,13,25,29,33,35,38,3519850000,4
79,2004-06-05,3,12,24,27,30,32,14,3416443800,4
80,2004-06-12,17,18,24,25,26,30,1,13809540000,1
81,2004-06-19,5,7,11,13,20,33,6,2714288880,5
82,2004-06-26,1,2,3,14,27,42,39,14562494400,1
83,2004-07-03,6,10,15,17,19,34,14,7086948300,2
84,2004-07-10,16,23,27,34,42,45,11,7669779000,2
85,2004-07-17,6,8,13,23,31,36,21,3462109800,4
86,2004-07-24,2,12,37,39,41,45,33,14252186400,1
87,2004-07-31,4,12,16,23,34,43,26,1799358055,11
88,2004-08-07,1,17,20,24,30,41,27,3069709650,4
89,2004-08-14,4,26,28,29,33,40,37,4248321900,3
90,2004-08-21,17,20,29,35,38,44,10,3291435300,4
91,2004-08-28,1,21,24,26,29,42,27,3582902400,4
92,2004-09-04,3,14,24,33,35,36,17,1233270846,11
93,2004-09-11,6,22,24,36,38,44,19,2269178150,6
94,2004-09-18,5,32,34,40,41,45,6,2245339950,6
95,2004-09-25,8,17,27,31,34,43,14,1747741238,8
96,2004-10-02,1,3,8,21,22,31,20,1847133515,7
97,2004-10-09,6,7,14,15,20,36,3,1496214000,9
98,2004-10-16,6,9,16,23,24,32,43,3177972300,4
99,2004-10-23,1,3,10,27,29,37,11,2169219050,6
100,2004-10-30,1,7,11,23,37,42,6,3315315525,4
101,2004-11-06,1,3,17,32,35,45,8,2707297500,5
102,2004-11-13,17,22,24,26,35,40,42,1457153067,9
103,2004-11-20,5,14,15,27,30,45,10,1691589563,8
104,2004-11-27,17,32,33,34,42,44,35,6610743750,2
105,2004-12-04,8,10,20,34,41,45,28,3416781450,4
106,2004-12-11,4,10,12,22,24,33,29,810461157,16
107,2004-12-18,1,4,5,6,9,31,17,6679927800,2
108,2004-12-25,7,18,22,23,29,44,12,1998900772,7
109,2005-01-01,1,5,34,36,42,44,33,1246838200,12
110,2005-01-08,7,20,22,23,29,43,1,4566262000,3
111,2005-01-15,7,18,31,33,36,40,27,2199047450,6
112,2005-01-22,26,29,30,33,41,42,43,1567271167,9
113,2005-01-29,4,9,28,33,36,45,26,1561528934,9
114,2005-02-05,11,14,19,26,28,41,2,2362345050,6
115,2005-02-12,1,2,6,9,25,28,31,1488589567,9
116,2005-02-19,2,4,25,31,34,37,17,1997747315,7
117,2005-02-26,5,10,22,34,36,44,35,1558378334,9
118,2005-03-05,3,4,10,17,19,22,38,1297989720,10
119,2005-03-12,3,11,13,14,17,21,38,1474899400,9
120,2005-03-19,4,6,10,11,32,37,30,4364530300,3
121,2005-03-26,12,28,30,34,38,43,9,6839648100,2
122,2005-04-02,1,11,16,17,36,40,8,1450073800,9
123,2005-04-09,7,17,18,28,30,45,27,2532982680,5
124,2005-04-16,4,16,23,25,29,42,1,1395936267,9
125,2005-04-23,2,8,32,33,35,36,18,1754870786,7
126,2005-04-30,7,20,22,27,40,43,1,1369301500,9
127,2005-05-07,3,5,10,29,32,43,35,1965939150,6
128,2005-05-14,12,30,34,36,37,45,39,2064043100,6
129,2005-05-21,19,23,25,28,38,42,17,1093629655,11
130,2005-05-28,7,19,24,27,42,45,31,3036496650,4
131,2005-06-04,8,10,11,14,15,21,37,1451214488,8
132,2005-06-11,3,17,23,34,41,45,43,2920473525,4
133,2005-06-18,4,7,15,18,23,26,13,1450242600,8
134,2005-06-25,3,12,20,23,31,35,43,2349155100,5
135,2005-07-02,6,14,22,28,35,39,16,1717293515,7
136,2005-07-09,2,16,30,36,41,42,11,1997694150,6
137,2005-07-16,7,9,20,25,36,39,15,1270403467,9
138,2005-07-23,10,11,27,28,37,39,19,2227152000,5
139,2005-07-30,9,11,15,20,28,43,13,1650210215,7
140,2005-08-06,3,13,17,18,19,28,8,2109462840,5
141,2005-08-13,8,12,29,31,42,43,2,1900552400,6
142,2005-08-20,12,16,30,34,40,44,19,1018265564,11
143,2005-08-27,26,27,28,42,43,45,8,3954584700,3
144,2005-09-03,4,15,17,26,36,37,43,1402440413,8
145,2005-09-10,2,3,13,20,27,44,9,3797838200,3
146,2005-09-17,2,19,27,35,41,42,25,6043415250,2
147,2005-09-24,4,6,13,21,40,42,36,1700040215,7
148,2005-10-01,21,25,33,34,35,36,17,2323596420,5
149,2005-10-08,2,11,21,34,41,42,27,1639052143,7
150,2005-10-15,2,18,25,28,37,39,16,2831645850,4
151,2005-10-22,1,2,10,13,18,19,15,2716634025,4
152,2005-10-29,1,5,13,26,29,34,43,2278131840,5
153,2005-11-05,3,8,11,12,13,36,33,2730526125,4
154,2005-11-12,6,19,21,35,40,45,20,2836628700,4
155,2005-11-19,16,19,20,32,33,41,4,1193005734,9
156,2005-11-26,5,18,28,30,42,45,2,1401099900,8
157,2005-12-03,19,26,30,33,35,39,37,5484903750,2
158,2005-12-10,4,9,13,18,21,34,7,1069544340,10
159,2005-12-17,1,18,30,41,42,43,32,1755407300,6
160,2005-12-24,3,7,8,34,39,41,1,5490805350,2
161,2005-12-31,22,34,36,40,42,45,44,1996876272,7
162,2006-01-07,1,5,21,25,38,41,24,2308265760,5
163,2006-01-14,7,11,26,28,29,44,16,1629726515,7
164,2006-01-21,6,9,10,11,39,41,27,4054937900,3
165,2006-01-28,5,13,18,19,22,42,31,6767426700,2
166,2006-02-04,9,12,27,36,39,45,14,1111299982,11
167,2006-02-11,24,27,28,30,36,39,4,2491222920,5
168,2006-02-18,3,10,31,40,42,43,30,2349946920,5
169,2006-02-25,16,27,35,37,43,45,19,2482888380,5
170,2006-03-04,2,11,13,15,31,42,10,1923108250,6
171,2006-03-11,4,16,25,29,34,35,1,1961339700,6
172,2006-03-18,4,19,21,24,26,41,35,1081154073,11
173,2006-03-25,3,9,24,30,33,34,18,1487736788,8
174,2006-04-01,13,14,18,22,35,39,16,1771103058,7
175,2006-04-08,19,26,28,31,33,36,17,2371132620,5
176,2006-04-15,4,17,30,32,33,34,15,2314663080,5
177,2006-04-22,1,10,13,16,37,43,6,1693285500,7
178,2006-04-29,1,5,11,12,18,23,9,2254621080,5
179,2006-05-06,5,9,17,25,39,43,32,1081093920,10
180,2006-05-13,2,15,20,21,29,34,22,5763371550,2
181,2006-05-20,14,21,23,32,40,45,44,1941763300,6
182,2006-05-27,13,15,27,29,34,40,35,3721439400,3
183,2006-06-03,2,18,24,34,40,42,5,1777221500,6
184,2006-06-10,1,2,6,16,20,33,41,1747753050,6
185,2006-06-17,1,2,4,8,19,38,14,3522485800,3
186,2006-06-24,4,10,14,19,21,45,9,1187882600,9
187,2006-07-01,1,2,8,18,29,38,42,1544733900,7
188,2006-07-08,19,24,27,30,31,34,36,3501405200,3
189,2006-07-15,8,14,32,35,37,45,28,3461775100,3
190,2006-07-22,8,14,18,30,31,44,15,1784159450,6
191,2006-07-29,5,6,24,25,32,37,8,2577114675,4
192,2006-08-05,4,8,11,18,37,45,33,2445348375,4
193,2006-08-12,6,14,18,26,36,39,13,3404449700,3
194,2006-08-19,15,20,23,26,39,44,28,2650567875,4
195,2006-08-26,7,10,19,22,35,40,31,918992591,11
196,2006-09-02,35,36,37,41,44,45,30,727876520,15
197,2006-09-09,7,12,16,34,42,45,4,1803018300,6
198,2006-09-16,12,19,20,25,41,45,2,1797855050,6
199,2006-09-23,14,21,22,25,30,36,43,5344252200,2
200,2006-09-30,5,6,13,14,17,20,7,1344616613,8
201,2006-10-07,3,11,24,38,39,44,26,9719465400,1
202,2006-10-14,12,14,27,33,39,44,17,1893391700,6
203,2006-10-21,1,3,11,24,30,32,7,2164564740,5
204,2006-10-28,3,12,14,35,40,45,5,1358347125,8
205,2006-11-04,1,3,21,29,35,37,30,1835221800,6
206,2006-11-11,1,2,3,15,20,25,43,2032859340,5
207,2006-11-18,3,11,14,31,32,37,38,2104673760,5
208,2006-11-25,14,25,31,34,40,44,24,1760767400,6
209,2006-12-02,2,7,18,20,24,33,37,1660896350,6
210,2006-12-09,10,19,22,23,25,37,39,5139085950,2
211,2006-12-16,12,13,17,20,33,41,8,1035800250,10
212,2006-12-23,11,12,18,21,31,38,8,2660747250,4
213,2006-12-30,2,3,4,5,20,24,42,1376678025,8
214,2007-01-06,5,7,20,25,28,37,32,1406980875,8
215,2007-01-13,2,3,7,15,43,44,4,1587689615,7
216,2007-01-20,7,16,17,33,36,40,1,848506108,13
217,2007-01-27,16,20,27,33,35,39,38,1611246172,7
218,2007-02-03,1,8,14,18,29,44,20,2779075800,4
219,2007-02-10,4,11,20,26,35,37,16,1208409167,9
220,2007-02-17,5,11,19,21,34,43,31,1958094950,6
221,2007-02-24,2,20,33,35,37,40,10,1800104250,6
222,2007-03-03,5,7,28,29,39,43,44,2275193820,5
223,2007-03-10,1,3,18,20,26,27,38,1498170600,7
224,2007-03-17,4,19,26,27,30,42,7,1808969950,6
225,2007-03-24,5,11,13,19,31,36,7,1777201800,6
226,2007-03-31,2,6,8,14,21,22,34,1744100150,6
227,2007-04-07,4,5,15,16,22,42,2,5253542400,2
228,2007-04-14,17,25,35,36,39,44,23,1146700334,9
229,2007-04-21,4,5,9,11,23,38,35,1451441100,7
230,2007-04-28,5,11,14,29,32,33,12,1292929163,8
231,2007-05-05,5,10,19,31,44,45,27,1088365900,9
232,2007-05-12,8,9,10,12,24,44,35,1110918400,9
233,2007-05-19,4,6,13,17,28,40,39,999153750,10
234,2007-05-26,13,21,22,24,26,37,4,2519743875,4
235,2007-06-02,21,22,26,27,31,37,8,3433330100,3
236,2007-06-09,1,4,8,13,37,39,7,5030040150,2
237,2007-06-16,1,11,17,21,24,44,33,1440630729,7
238,2007-06-23,2,4,15,28,31,34,35,1121660567,9
239,2007-06-30,11,15,24,39,41,44,7,1134140167,9
240,2007-07-07,6,10,16,40,41,43,21,5098251450,2
241,2007-07-14,2,16,24,27,28,35,21,2552016300,4
242,2007-07-21,4,19,20,21,32,34,43,1234542375,8
243,2007-07-28,2,12,17,19,28,42,34,2408850000,4
244,2007-08-04,13,16,25,36,37,38,19,9121583100,1
245,2007-08-11,9,11,27,31,32,38,22,1382583129,7
246,2007-08-18,13,18,21,23,26,39,15,1911774240,5
247,2007-08-25,12,15,28,36,39,40,13,1669313900,6
248,2007-09-01,3,8,17,23,38,45,13,1227479363,8
249,2007-09-08,3,8,27,31,41,44,11,1663568700,6
250,2007-09-15,19,23,30,37,43,45,38,1994726280,5
251,2007-09-22,6,7,19,25,28,38,45,1282616400,8
252,2007-09-29,14,23,26,31,39,45,28,1391089715,7
253,2007-10-06,8,19,25,31,34,36,33,2466189525,4
254,2007-10-13,1,5,19,20,24,30,27,9741015900,1
255,2007-10-20,1,5,6,24,27,42,32,1598618550,6
256,2007-10-27,4,11,14,21,23,43,32,4891017000,2
257,2007-11-03,6,13,27,31,32,37,4,2391377025,4
258,2007-11-10,14,27,30,31,38,40,17,2426434350,4
259,2007-11-17,4,5,14,35,42,45,34,4838533500,2
260,2007-11-24,7,12,15,24,37,40,43,2310085575,4
261,2007-12-01,6,11,16,18,31,43,2,3192299100,3
262,2007-12-08,9,12,24,25,29,31,36,4518741600,2
263,2007-12-15,1,27,28,32,37,40,18,1551704900,6
264,2007-12-22,9,16,27,36,41,44,5,1344889200,7
265,2007-12-29,5,9,34,37,38,39,12,1200838575,8
266,2008-01-05,3,4,9,11,22,42,37,3207211700,3
267,2008-01-12,7,8,24,34,36,41,1,3257663300,3
268,2008-01-19,3,10,19,24,32,45,12,1350954515,7
269,2008-01-26,5,18,20,36,42,43,32,1961399940,5
270,2008-02-02,5,9,12,20,21,26,27,1927830060,5
271,2008-02-09,3,8,9,27,29,40,36,1565918150,6
272,2008-02-16,7,9,12,27,39,43,28,1104622800,9
273,2008-02-23,1,8,24,31,34,44,6,3339543100,3
274,2008-03-01,13,14,15,26,35,39,25,2505085575,4
275,2008-03-08,14,19,20,35,38,40,26,10044066900,1
276,2008-03-15,4,15,21,33,39,41,25,3312569000,3
277,2008-03-22,10,12,13,15,25,29,20,3272627800,3
278,2008-03-29,3,11,37,39,41,43,13,3186530000,3
279,2008-04-05,7,16,31,36,37,38,11,1914205320,5
280,2008-04-12,10,11,23,24,36,37,35,1355258529,7
281,2008-04-19,1,3,4,6,14,41,12,1554683200,6
282,2008-04-26,2,5,10,18,31,32,30,1322052643,7
283,2008-05-03,6,8,18,31,38,45,42,3137224600,3
284,2008-05-10,2,7,15,24,30,45,28,3117640300,3
285,2008-05-17,13,33,37,40,41,45,2,3164370100,3
286,2008-05-24,1,15,19,40,42,44,17,3236566300,3
287,2008-05-31,6,12,24,27,35,37,41,1328657100,7
288,2008-06-07,1,12,17,28,35,41,10,2357261550,4
289,2008-06-14,3,14,33,37,38,42,10,0,0
290,2008-06-21,8,13,18,32,39,45,7,2149214424,13
291,2008-06-28,3,7,8,18,20,42,45,1450585200,7
292,2008-07-05,17,18,31,32,33,34,10,720373950,14
293,2008-07-12,1,9,17,21,29,33,24,1656764400,6
294,2008-07-19,6,10,17,30,37,38,40,2406504975,4
295,2008-07-26,1,4,12,16,18,38,8,0,0
296,2008-08-02,3,8,15,27,30,45,44,3066088275,8
297,2008-08-09,6,11,19,20,28,32,34,5056668750,2
298,2008-08-16,5,9,27,29,37,40,19,9909778500,1
299,2008-08-23,1,3,20,25,36,45,24,1483772529,7
300,2008-08-30,7,9,10,12,26,38,39,836092425,12
301,2008-09-06,7,11,13,33,37,43,26,1447385015,7
302,2008-09-13,13,19,20,32,38,42,4,5472167250,2
303,2008-09-20,2,14,17,30,38,45,43,1672749000,6
304,2008-09-27,4,10,16,26,33,41,38,1661646150,6
305,2008-10-04,7,8,18,21,23,39,9,2008210140,5
306,2008-10-11,4,18,23,30,34,41,19,2102669520,5
307,2008-10-18,5,15,21,23,25,45,12,2587643250,4
308,2008-10-25,14,15,17,19,37,45,40,10232872800,1
309,2008-11-01,1,2,5,11,18,36,22,901622946,11
310,2008-11-08,1,5,19,28,34,41,16,1296713325,8
311,2008-11-15,4,12,24,27,28,32,10,1237691063,8
312,2008-11-22,2,3,5,6,12,20,25,629017820,15
313,2008-11-29,9,17,34,35,43,45,2,1715422800,6
314,2008-12-06,15,17,19,34,38,41,2,1660512200,6
315,2008-12-13,1,13,33,35,43,45,23,1308728625,8
316,2008-12-20,10,11,21,27,31,39,43,1673586400,6
317,2008-12-27,3,10,11,22,36,39,8,2576258550,4
318,2009-01-03,2,17,19,20,34,45,21,1207436600,9
319,2009-01-10,5,8,22,28,33,42,37,2135659380,5
320,2009-01-17,16,19,23,25,41,45,3,5513067900,2
321,2009-01-24,12,18,20,21,25,34,42,1959136100,6
322,2009-01-31,9,18,29,32,38,43,20,1904544700,6
323,2009-02-07,10,14,15,32,36,42,3,1461025388,8
324,2009-02-14,2,4,21,25,33,36,17,1865130350,6
325,2009-02-21,7,17,20,32,44,45,33,1806122450,6
326,2009-02-28,16,23,25,33,36,39,40,1832134550,6
327,2009-03-07,6,12,13,17,32,44,24,882674750,12
328,2009-03-14,1,6,9,16,17,28,24,1819795900,6
329,2009-03-21,9,17,19,30,35,42,4,1830391200,6
330,2009-03-28,3,4,16,17,19,20,23,1162280200,9
331,2009-04-04,4,9,14,26,31,44,39,2165902620,5
332,2009-04-11,16,17,34,36,42,45,3,1359448388,8
333,2009-04-18,5,14,27,30,39,43,35,1550987143,7
334,2009-04-25,13,15,21,29,39,43,33,1523002972,7
335,2009-05-02,5,9,16,23,26,45,21,2037492480,5
336,2009-05-09,3,5,20,34,35,44,16,1685632650,6
337,2009-05-16,1,5,14,18,32,37,4,1257500513,8
338,2009-05-23,2,13,34,38,42,45,16,3383431000,3
339,2009-05-30,6,8,14,21,30,37,45,1096778334,9
340,2009-06-06,18,24,26,29,34,38,32,1439393186,7
341,2009-06-13,1,8,19,34,39,43,41,1497207772,7
342,2009-06-20,1,13,14,33,34,43,25,3454095800,3
343,2009-06-27,1,10,17,29,31,43,15,1717153000,6
344,2009-07-04,1,2,15,28,34,45,38,1467106543,7
345,2009-07-11,15,20,23,29,39,42,2,5203577550,2
346,2009-07-18,5,13,14,22,44,45,33,2017727340,5
347,2009-07-25,3,8,13,27,32,42,10,1456624286,7
348,2009-08-01,3,14,17,20,24,31,34,3299994000,3
349,2009-08-08,5,13,14,20,24,25,36,3353209000,3
350,2009-08-15,1,8,18,24,29,33,35,1101052467,9
351,2009-08-22,5,25,27,29,34,36,33,2583357150,4
352,2009-08-29,5,16,17,20,26,41,24,1732858250,6
353,2009-09-05,11,16,19,22,29,36,26,5290838250,2
354,2009-09-12,14,19,36,43,44,45,1,2124464340,5
355,2009-09-19,5,8,29,30,35,44,38,2145424800,5
356,2009-09-26,2,8,14,25,29,45,24,1157185267,9
357,2009-10-03,10,14,18,21,36,37,5,5313394350,2
358,2009-10-10,1,9,10,12,21,40,37,3472654900,3
359,2009-10-17,1,10,19,20,24,40,23,1286712600,8
360,2009-10-24,4,16,23,25,35,40,27,3566716200,3
361,2009-10-31,5,10,16,24,27,35,33,1473115115,7
362,2009-11-07,2,3,22,27,30,40,29,1729424650,6
363,2009-11-14,11,12,14,21,32,38,6,2615910600,4
364,2009-11-21,2,5,7,14,16,40,4,2531914800,4
365,2009-11-28,5,15,21,25,26,30,31,10697716800,1
366,2009-12-05,5,12,19,26,27,44,38,5351553900,2
367,2009-12-12,3,22,25,29,32,44,19,1581736586,7
368,2009-12-19,11,21,24,30,39,45,26,1465825115,7
369,2009-12-26,17,20,35,36,41,43,21,1842177750,6
370,2010-01-02,16,18,24,42,44,45,17,1678941943,7
371,2010-01-09,7,9,15,26,27,42,18,1524130543,7
372,2010-01-16,8,11,14,16,18,21,13,1192593200,9
373,2010-01-23,15,26,37,42,43,45,9,2791801125,4
374,2010-01-30,11,13,15,17,25,34,26,5528717850,2
375,2010-02-06,4,8,19,25,27,45,7,1581284058,7
376,2010-02-13,1,11,13,24,28,40,7,1956915800,6
377,2010-02-20,6,22,29,37,43,45,23,3912085400,3
378,2010-02-27,5,22,29,31,34,39,43,2317698240,5
379,2010-03-06,6,10,22,31,35,40,19,1598999786,7
380,2010-03-13,1,2,8,17,26,37,27,2684274825,4
381,2010-03-20,1,5,10,12,16,20,11,565738895,19
382,2010-03-27,10,15,22,24,27,42,19,1846674900,6
383,2010-04-03,4,15,28,33,37,40,25,3596522100,3
384,2010-04-10,11,22,24,32,36,38,7,3658734200,3
385,2010-04-17,7,12,19,21,29,32,9,1542032700,7
386,2010-04-24,4,7,10,19,31,40,26,1042953330,10
387,2010-05-01,1,26,31,34,40,43,20,2675533500,4
388,2010-05-08,1,8,9,17,29,32,45,2545543875,4
389,2010-05-15,7,16,18,20,23,26,3,2119027020,5
390,2010-05-22,16,17,28,37,39,40,15,10373997900,1
391,2010-05-29,10,11,18,22,28,39,30,10508749800,1
392,2010-06-05,1,3,7,8,24,42,43,1713528700,6
393,2010-06-12,9,16,28,40,41,43,21,1362003975,8
394,2010-06-19,1,13,20,22,25,28,15,10654349100,1
395,2010-06-26,11,15,20,26,31,35,7,1534635000,7
396,2010-07-03,18,20,31,34,40,45,30,5296622400,2
397,2010-07-10,12,13,17,22,25,33,8,3499519700,3
398,2010-07-17,10,15,20,23,42,44,7,2680625550,4
399,2010-07-24,1,2,9,17,19,42,20,1276854975,8
400,2010-07-31,9,21,27,34,41,43,2,2669834325,4
401,2010-08-07,6,12,18,31,38,43,9,1168214792,9
402,2010-08-14,5,9,15,19,22,36,32,2662206188,4
403,2010-08-21,10,14,22,24,28,37,26,2122396875,5
404,2010-08-28,5,20,21,24,33,40,36,3566659375,3
405,2010-09-04,1,2,10,25,26,44,4,3543878000,3
406,2010-09-11,7,12,21,24,27,36,45,2156142450,5
407,2010-09-18,6,7,13,16,24,25,1,1649707286,7
408,2010-09-25,9,20,21,22,30,37,16,2235375825,5
409,2010-10-02,6,9,21,31,32,40,38,2896989750,4
410,2010-10-09,1,3,18,32,40,41,16,1249335709,9
411,2010-10-16,11,14,22,35,37,39,5,953227563,12
412,2010-10-23,4,7,39,41,42,45,40,1656199822,7
413,2010-10-30,2,9,15,23,34,40,3,2814673500,4
414,2010-11-06,2,14,15,22,23,44,43,11703832500,1
415,2010-11-13,7,17,20,26,30,40,24,1334182407,8
416,2010-11-20,5,6,8,11,22,26,44,1072037100,10
417,2010-11-27,4,5,14,20,22,43,44,2818329938,4
418,2010-12-04,11,13,15,26,28,34,31,1435649766,8
419,2010-12-11,2,11,13,14,28,30,7,3796490750,3
420,2010-12-18,4,9,10,29,31,34,27,1424856375,8
421,2010-12-25,6,11,26,27,28,44,30,2321144325,5
422,2011-01-01,8,15,19,21,34,44,12,2205251375,6
423,2011-01-08,1,17,27,28,29,40,5,3896153875,3
424,2011-01-15,10,11,26,31,34,44,30,1109480813,10
425,2011-01-22,8,10,14,27,33,38,3,1534833000,8
426,2011-01-29,4,17,18,27,39,43,19,3057233625,4
427,2011-02-05,6,7,15,24,28,30,21,12571445625,1
428,2011-02-12,12,16,19,22,37,40,8,1437683209,9
429,2011-02-19,3,23,28,34,39,42,16,1485904709,9
430,2011-02-26,1,3,16,18,30,34,44,1611763219,8
431,2011-03-05,18,22,25,31,38,45,6,1268434013,10
432,2011-03-12,2,3,5,11,27,39,33,2299427550,5
433,2011-03-19,19,23,29,33,35,43,27,1182294410,11
434,2011-03-26,3,13,20,24,33,37,35,1480060266,8
435,2011-04-02,8,16,26,30,38,45,42,1287550013,10
436,2011-04-09,9,14,20,22,33,34,28,1512266579,8
437,2011-04-16,11,16,29,38,41,44,21,2096245438,6
438,2011-04-23,6,12,20,26,29,38,45,1377142167,9
439,2011-04-30,17,20,30,31,37,40,25,1900077375,6
440,2011-05-07,10,22,28,34,36,44,2,1995873000,6
441,2011-05-14,1,23,28,30,34,35,9,3170417063,4
442,2011-05-21,25,27,29,36,38,40,41,1413413042,9
443,2011-05-28,4,6,10,19,20,44,14,1327597584,9
444,2011-06-04,11,13,23,35,43,45,17,4154188625,3
445,2011-06-11,13,20,21,30,39,45,32,1791683036,7
446,2011-06-18,1,11,12,14,26,35,6,4051247625,3
447,2011-06-25,2,7,8,9,17,33,34,2657941125,4
448,2011-07-02,3,7,13,27,40,41,36,4026212750,3
449,2011-07-09,3,10,20,26,35,43,36,4059715250,3
450,2011-07-16,6,14,19,21,23,31,13,1990391625,6
451,2011-07-23,12,15,20,24,30,38,29,882138952,13
452,2011-07-30,8,10,18,30,32,34,27,1276902000,9
453,2011-08-06,12,24,33,38,40,42,30,2262732375,5
454,2011-08-13,13,25,27,34,38,41,10,1609125590,7
455,2011-08-20,4,19,20,26,30,35,24,1635711483,7
456,2011-08-27,1,7,12,18,23,27,44,1598505054,7
457,2011-09-03,8,10,18,23,27,40,33,1159902825,10
458,2011-09-10,4,9,10,32,36,40,18,1608812625,8
459,2011-09-17,4,6,10,14,25,40,12,1655842233,7
460,2011-09-24,8,11,28,30,43,45,41,3180895782,4
461,2011-10-01,11,18,26,31,37,40,43,1948674875,6
462,2011-10-08,3,20,24,32,37,45,4,1483559297,8
463,2011-10-15,23,29,31,33,34,44,40,0,0
464,2011-10-22,6,12,15,34,42,44,4,3355721106,13
465,2011-10-29,1,8,11,13,22,38,31,1923662893,7
466,2011-11-05,4,10,13,23,32,44,20,1530313459,9
467,2011-11-12,2,12,14,17,24,40,39,1435441084,9
468,2011-11-19,8,13,15,28,37,43,17,1527197167,9
469,2011-11-26,4,21,22,34,37,38,33,3330131250,4
470,2011-12-03,10,16,20,39,41,42,27,4333330625,3
471,2011-12-10,6,13,29,37,39,41,43,1939332858,7
472,2011-12-17,16,25,26,31,36,43,44,1809656090,7
473,2011-12-24,8,13,20,22,23,36,34,3250418063,4
474,2011-12-31,4,13,18,31,33,45,43,936690800,15
475,2012-01-07,1,9,14,16,21,29,3,1693923047,8
476,2012-01-14,9,12,13,15,37,38,27,3439851469,4
477,2012-01-21,14,25,29,32,33,45,37,1919011829,8
478,2012-01-28,18,29,30,37,39,43,8,987224759,14
479,2012-02-04,8,23,25,27,35,44,24,2233046500,6
480,2012-02-11,3,5,10,17,30,31,16,2996742282,4
481,2012-02-18,3,4,23,29,40,41,20,4639355750,3
482,2012-02-25,1,10,16,24,25,35,43,1897921179,7
483,2012-03-03,12,15,19,22,28,34,5,2567196675,5
484,2012-03-10,1,3,27,28,32,45,11,2305303063,6
485,2012-03-17,17,22,26,27,36,39,20,1501474917,9
486,2012-03-24,1,2,23,25,38,40,43,1008634125,13
487,2012-03-31,4,8,25,27,37,41,21,1638830766,8
488,2012-04-07,2,8,17,30,31,38,25,1330393575,10
489,2012-04-14,2,4,8,15,20,27,11,2106360625,6
490,2012-04-21,2,7,26,29,40,43,42,1860234161,7
491,2012-04-28,8,17,35,36,39,42,4,3304634438,4
492,2012-05-05,22,27,31,35,37,40,42,2493013800,5
493,2012-05-12,20,22,26,33,36,37,25,1451120334,9
494,2012-05-19,5,7,8,15,30,43,22,1054588407,12
495,2012-05-26,4,13,22,27,34,44,6,2111645000,6
496,2012-06-02,4,13,20,29,36,41,39,3285932250,4
497,2012-06-09,19,20,23,24,43,44,13,2222817813,6
498,2012-06-16,13,14,24,32,39,41,3,3244503094,4
499,2012-06-23,5,20,23,27,35,40,43,4070480250,3
500,2012-06-30,3,4,12,20,24,34,41,1351072375,9
501,2012-07-07,1,4,10,17,31,42,2,3025200094,4
502,2012-07-14,6,22,28,32,34,40,26,2201458125,6
503,2012-07-21,1,5,27,30,34,36,40,1853634911,7
504,2012-07-28,6,14,22,26,43,44,31,1443236959,9
505,2012-08-04,7,20,22,25,38,40,44,1917955188,6
506,2012-08-11,6,9,11,22,24,30,31,4073333875,3
507,2012-08-18,12,13,32,33,40,41,4,1416438875,9
508,2012-08-25,5,27,31,34,35,43,37,1599557860,8
509,2012-09-01,12,25,29,35,42,43,24,2689076100,5
510,2012-09-08,12,29,32,33,39,40,42,2644158150,5
511,2012-09-15,3,7,14,23,26,42,24,2165579250,6
512,2012-09-22,4,5,9,13,26,27,1,940094452,13
513,2012-09-29,5,8,21,23,27,33,12,4589624750,3
514,2012-10-06,1,15,20,26,35,42,9,4451055500,3
515,2012-10-13,2,11,12,15,23,37,8,13200466875,1
516,2012-10-20,2,8,23,41,43,44,30,1294190182,11
517,2012-10-27,1,9,12,28,36,41,10,2659057725,5
518,2012-11-03,14,23,30,32,34,38,6,2263804125,6
519,2012-11-10,6,8,13,16,30,43,3,1950601393,7
520,2012-11-17,4,22,27,28,38,40,1,2167205438,6
521,2012-11-24,3,7,18,29,32,36,19,1693420922,8
522,2012-12-01,4,5,13,14,37,41,11,2281623000,6
523,2012-12-08,1,4,37,38,40,45,7,1780355840,7
524,2012-12-15,10,11,29,38,41,45,21,3491695594,4
525,2012-12-22,11,23,26,29,39,44,22,1501132375,9
526,2012-12-29,7,14,17,20,35,39,31,1491031959,9
527,2013-01-05,1,12,22,32,33,42,38,1032386366,13
528,2013-01-12,5,17,25,31,39,40,10,1197889125,11
529,2013-01-19,18,20,24,27,31,42,39,1749114797,8
530,2013-01-26,16,23,27,29,33,41,22,1231656239,11
531,2013-02-02,1,5,9,21,27,35,45,1521519750,9
532,2013-02-09,16,17,23,24,29,44,3,2216896286,7
533,2013-02-16,9,14,15,17,31,33,23,1785671579,8
534,2013-02-23,10,24,26,29,37,38,32,14215763250,1
535,2013-03-02,11,12,14,15,18,39,34,4935603000,3
536,2013-03-09,7,8,18,32,37,43,12,1308523603,11
537,2013-03-16,12,23,26,30,36,43,11,2104038911,7
538,2013-03-23,6,10,18,31,32,34,11,4688021625,3
539,2013-03-30,3,19,22,31,42,43,26,1621036667,9
540,2013-04-06,3,12,13,15,34,36,14,1989365250,7
541,2013-04-13,8,13,26,28,32,34,43,1269327171,11
542,2013-04-20,5,6,19,26,41,45,34,2335152563,6
543,2013-04-27,13,18,26,31,34,44,12,1112934844,12
544,2013-05-04,5,17,21,25,36,44,10,1046388433,13
545,2013-05-11,4,24,25,27,34,35,2,1198994353,11
546,2013-05-18,8,17,20,27,37,43,6,405939950,30
547,2013-05-25,6,7,15,22,34,39,28,2838444450,5
548,2013-06-01,1,12,13,21,32,45,14,1736871891,8
549,2013-06-08,29,31,35,38,40,44,17,1760805047,8
550,2013-06-15,1,7,14,20,34,37,41,1118679205,11
551,2013-06-22,3,6,20,24,27,44,25,13526973750,1
552,2013-06-29,1,10,20,32,35,40,43,1330824225,10
553,2013-07-06,2,7,17,28,29,39,37,2249631438,6
554,2013-07-13,13,14,17,32,41,42,6,6813893625,2
555,2013-07-20,11,17,21,24,26,36,12,1711027360,8
556,2013-07-27,12,20,23,28,30,44,43,2005209161,7
557,2013-08-03,4,20,26,28,35,40,31,1888069286,7
558,2013-08-10,12,15,19,26,40,43,29,1315913663,10
559,2013-08-17,11,12,25,32,44,45,23,1926145608,7
560,2013-08-24,1,4,20,23,29,45,28,1976697215,7
561,2013-08-31,5,7,18,37,42,45,20,2753712225,5
562,2013-09-07,4,11,13,17,20,31,33,1166694614,11
563,2013-09-14,5,10,16,17,31,32,21,1932735643,7
564,2013-09-21,14,19,25,26,27,34,2,1934801143,7
565,2013-09-28,4,10,18,27,40,45,38,1742064469,8
566,2013-10-05,4,5,6,25,26,43,41,3508951032,4
567,2013-10-12,1,10,15,16,32,41,28,2318659438,6
568,2013-10-19,1,3,17,20,31,44,40,1305167550,10
569,2013-10-26,3,6,13,23,24,35,1,3467925188,4
570,2013-11-02,1,12,26,27,29,33,42,1527791625,9
571,2013-11-09,11,18,21,26,38,43,29,1966538465,7
572,2013-11-16,3,13,18,33,37,45,1,1668216188,8
573,2013-11-23,2,4,20,34,35,43,14,1645691766,8
574,2013-11-30,14,15,16,19,25,43,2,6965184938,2
575,2013-12-07,2,8,20,30,33,34,6,1699267875,8
576,2013-12-14,10,11,15,25,35,41,13,4321966000,3
577,2013-12-21,16,17,22,31,34,37,33,4484438375,3
578,2013-12-28,5,12,14,32,34,42,16,2796466575,5
579,2014-01-04,5,7,20,22,37,42,39,1396068444,11
580,2014-01-11,5,7,9,11,32,35,33,2028610500,7
581,2014-01-18,3,5,14,20,42,44,33,1844554547,8
582,2014-01-25,2,12,14,33,40,41,25,3560558719,4
583,2014-02-01,8,17,27,33,40,44,24,1341848353,11
584,2014-02-08,7,18,30,39,40,41,36,5033183250,3
585,2014-02-15,6,7,10,16,38,41,4,1620546334,9
586,2014-02-22,2,7,12,15,21,34,5,1778354344,8
587,2014-03-01,14,21,29,31,32,37,17,4974577375,3
588,2014-03-08,2,8,15,22,25,41,30,2889342075,5
589,2014-03-15,6,8,28,33,38,39,22,2136877983,7
590,2014-03-22,20,30,36,38,41,45,23,2185183983,7
591,2014-03-29,8,13,14,30,38,39,5,2964676200,5
592,2014-04-05,2,5,6,13,28,44,43,2356381688,6
593,2014-04-12,9,10,13,24,33,38,28,1532833500,9
594,2014-04-19,2,8,13,25,28,37,3,1255592796,11
595,2014-04-26,8,24,28,35,38,40,5,1744525219,8
596,2014-05-03,3,4,12,14,25,43,17,1328267663,10
597,2014-05-10,8,10,23,24,35,43,37,1057920606,13
598,2014-05-17,4,12,24,33,38,45,22,833998594,16
599,2014-05-24,5,12,17,29,34,35,27,1710918329,8
600,2014-05-31,5,11,14,27,29,36,44,901798725,15
601,2014-06-07,2,16,19,31,34,35,37,1524565209,9
602,2014-06-14,13,14,22,27,30,38,2,1689530860,8
603,2014-06-21,2,19,25,26,27,43,28,3452136563,4
604,2014-06-28,2,6,18,21,33,34,30,1229141557,11
605,2014-07-05,1,2,7,9,10,38,42,1394232250,9
606,2014-07-12,1,5,6,14,20,39,22,1311566850,10
607,2014-07-19,8,14,23,36,38,39,13,3494480907,4
608,2014-07-26,4,8,18,19,39,44,41,1943530018,7
609,2014-08-02,4,8,27,34,39,40,13,6339311438,2
610,2014-08-09,14,18,20,23,28,36,33,3516018375,4
611,2014-08-16,2,22,27,33,36,37,14,3502706157,4
612,2014-08-23,6,9,18,19,25,33,40,1181705250,11
613,2014-08-30,7,8,11,16,41,44,35,1549831209,9
614,2014-09-06,8,21,25,39,40,44,18,2540975438,6
615,2014-09-13,10,17,18,19,23,27,35,1535062417,9
616,2014-09-20,5,13,18,23,40,45,3,1611811250,9
617,2014-09-27,4,5,11,12,24,27,28,1629701860,8
618,2014-10-04,8,16,25,30,42,43,15,2881326225,5
619,2014-10-11,6,8,13,30,35,40,21,4612479375,3
620,2014-10-18,2,16,17,32,39,45,40,2028283233,7
621,2014-10-25,1,2,6,16,19,42,9,2359723500,6
622,2014-11-01,9,15,16,21,28,34,24,1630598292,9
623,2014-11-08,7,13,30,39,41,45,25,1813702594,8
624,2014-11-15,1,7,19,26,27,35,16,2763729450,5
625,2014-11-22,3,6,7,20,21,39,13,2765184675,5
626,2014-11-29,13,14,26,33,40,43,15,1717871110,8
627,2014-12-06,2,9,22,25,31,45,12,1352230650,10
628,2014-12-13,1,7,12,15,23,42,11,1499942875,9
629,2014-12-20,19,28,31,38,43,44,1,2919433575,5
630,2014-12-27,8,17,21,24,27,31,15,4836305500,3
631,2015-01-03,1,2,4,23,31,34,8,3919853532,4
632,2015-01-10,15,18,21,32,35,44,6,1432587716,11
633,2015-01-17,9,12,19,20,39,41,13,1217257094,12
634,2015-01-24,4,10,11,12,20,27,38,1077935106,13
635,2015-01-31,11,13,25,26,29,33,32,1855587235,8
636,2015-02-07,6,7,15,16,20,31,26,1832362219,8
637,2015-02-14,3,16,22,37,38,44,23,3899241094,4
638,2015-02-21,7,18,22,24,31,34,6,2229403179,7
639,2015-02-28,6,15,22,23,25,32,40,4061185219,4
640,2015-03-07,14,15,18,21,26,35,23,1728768834,9
641,2015-03-14,11,18,21,36,37,43,12,1990074563,8
642,2015-03-21,8,17,18,24,39,45,32,1251460438,12
643,2015-03-28,15,24,31,32,33,40,13,2535763625,6
644,2015-04-04,5,13,17,23,28,36,8,1831451204,8
645,2015-04-11,1,4,16,26,40,41,31,3696297750,4
646,2015-04-18,2,9,24,41,43,45,30,2215498393,7
647,2015-04-25,5,16,21,23,24,30,29,2189725608,7
648,2015-05-02,13,19,28,37,38,43,4,2120987947,7
649,2015-05-09,3,21,22,33,41,42,20,2948042100,5
650,2015-05-16,3,4,7,11,31,41,35,2849298900,5
651,2015-05-23,11,12,16,26,29,44,18,1855306454,8
652,2015-05-30,3,13,15,40,41,44,20,3003483525,5
653,2015-06-06,5,6,26,27,38,39,1,980958670,14
654,2015-06-13,16,21,26,31,36,43,6,1879301391,8
655,2015-06-20,7,37,38,39,40,44,18,1661439625,9
656,2015-06-27,3,7,14,16,31,40,39,7330002750,2
657,2015-07-04,10,14,19,39,40,43,23,1694762792,9
658,2015-07-11,8,19,25,28,32,36,37,1634031375,9
659,2015-07-18,7,18,19,27,29,42,45,1336604216,11
660,2015-07-25,4,9,23,33,39,44,14,1421272575,10
661,2015-08-01,2,3,12,20,27,38,40,1713025547,8
662,2015-08-08,5,6,9,11,15,37,26,1689733688,8
663,2015-08-15,3,5,8,19,38,42,20,2080244143,7
664,2015-08-22,10,20,33,36,41,44,5,1536801338,10
665,2015-08-29,5,6,11,17,38,44,13,3643230375,4
666,2015-09-05,2,4,6,11,17,28,16,2396901063,6
667,2015-09-12,15,17,25,37,42,43,13,2228764393,7
668,2015-09-19,12,14,15,24,27,32,3,2991158625,5
669,2015-09-26,7,8,20,29,33,38,9,2708173188,6
670,2015-10-03,11,18,26,27,40,41,25,1191725219,12
671,2015-10-10,7,9,10,13,31,35,24,3722322844,4
672,2015-10-17,8,21,28,31,36,45,43,1754745000,9
673,2015-10-24,7,10,17,29,33,44,5,1491453300,10
674,2015-10-31,9,10,14,25,27,31,11,1770565500,8
675,2015-11-07,1,8,11,15,18,45,7,3514549032,4
676,2015-11-14,1,8,17,34,39,45,27,1879726500,8
677,2015-11-21,12,15,24,36,41,44,42,1921114407,8
678,2015-11-28,4,5,6,12,25,37,45,2288490188,6
679,2015-12-05,3,5,7,14,26,34,35,2863005600,5
680,2015-12-12,4,10,19,29,32,42,30,1110570563,14
681,2015-12-19,21,24,27,29,43,44,7,2696328938,6
682,2015-12-26,17,23,27,35,38,43,2,4063713563,4
683,2016-01-02,6,13,20,27,28,40,15,1010930883,16
684,2016-01-09,1,11,15,17,25,39,40,1688815709,9
685,2016-01-16,6,7,12,28,38,40,18,1494367671,11
686,2016-01-23,7,12,15,24,25,43,13,1937531719,8
687,2016-01-30,1,8,10,13,28,42,45,2720029313,6
688,2016-02-06,5,15,22,23,34,35,2,1967536750,9
689,2016-02-13,7,17,19,30,36,38,34,2321775911,7
690,2016-02-20,24,25,33,34,38,39,43,1126507625,15
691,2016-02-27,15,27,33,35,43,45,16,2839296750,6
692,2016-03-05,3,11,14,15,32,36,44,2301273697,7
693,2016-03-12,1,6,11,28,34,42,30,1642763813,10
694,2016-03-19,7,15,20,25,33,43,12,1555036388,10
695,2016-03-26,4,18,26,33,34,38,14,1450214830,11
696,2016-04-02,1,7,16,18,34,38,21,1632054413,10
697,2016-04-09,2,5,8,11,33,39,31,1531443038,10
698,2016-04-16,3,11,13,21,33,37,18,1921084125,8
699,2016-04-23,4,5,8,16,21,29,3,1995411375,8
700,2016-04-30,11,23,28,29,30,44,13,2082099188,8
701,2016-05-07,3,10,14,16,36,38,35,1583183175,10
702,2016-05-14,3,13,16,24,26,29,9,1465091387,11
703,2016-05-21,10,28,31,33,41,44,21,3235784100,5
704,2016-05-28,1,4,8,23,33,42,45,3865190344,4
705,2016-06-04,1,6,17,22,28,45,23,3987206532,4
706,2016-06-11,3,4,6,10,28,30,37,3831746063,4
707,2016-06-18,2,12,19,24,39,44,35,1322167313,12
708,2016-06-25,2,10,16,19,34,45,1,4099552219,4
709,2016-07-02,10,18,30,36,39,44,32,1165271625,14
710,2016-07-09,3,4,9,24,25,33,10,2895441150,5
711,2016-07-16,11,15,24,35,37,45,42,2277413358,7
712,2016-07-23,17,20,30,31,33,45,19,4034485125,4
713,2016-07-30,2,5,15,18,19,23,44,1714720917,9
714,2016-08-06,1,7,22,33,37,40,20,2085131733,7
715,2016-08-13,2,7,27,33,41,44,10,2605510438,6
716,2016-08-20,2,6,13,16,29,30,21,1358752157,12
717,2016-08-27,2,11,19,25,28,32,44,2702433688,6
718,2016-09-03,4,11,20,23,32,39,40,926166464,17
719,2016-09-10,4,8,13,19,20,43,26,1879581334,9
720,2016-09-17,1,12,29,34,36,37,41,1233770358,14
721,2016-09-24,1,28,35,41,43,44,31,2273767360,8
722,2016-10-01,12,14,21,30,39,43,45,4365422719,4
723,2016-10-08,20,30,33,35,36,44,22,2114365360,8
724,2016-10-15,2,8,33,35,37,41,14,1427789813,12
725,2016-10-22,6,7,19,21,41,43,38,1579217250,11
726,2016-10-29,1,11,21,23,34,44,24,1166872634,14
727,2016-11-05,7,8,10,19,21,31,20,1115107742,14
728,2016-11-12,3,6,10,30,34,37,36,3243464400,5
729,2016-11-19,11,17,21,26,36,45,16,4198250719,4
730,2016-11-26,4,10,14,15,18,22,39,2017382110,8
731,2016-12-03,2,7,13,25,42,45,39,2340471054,7
732,2016-12-10,2,4,5,17,27,32,43,2203270608,7
733,2016-12-17,11,24,32,33,35,40,13,4016725125,4
734,2016-12-24,6,16,37,38,41,45,18,1949395500,9
735,2016-12-31,5,10,13,27,37,41,4,1847231588,10
736,2017-01-07,2,11,17,18,21,27,6,3397362225,5
737,2017-01-14,13,15,18,24,27,41,11,4283061000,4
738,2017-01-21,23,27,28,38,42,43,36,1634191091,11
739,2017-01-28,7,22,29,33,34,35,30,4744122282,4
740,2017-02-04,4,8,9,16,17,19,31,936929792,18
741,2017-02-11,5,21,27,34,44,45,16,3043595938,6
742,2017-02-18,8,10,13,36,37,40,6,1111814813,16
743,2017-02-25,15,19,21,34,41,44,10,2608641000,7
744,2017-03-04,10,15,18,21,34,41,43,1155411575,15
745,2017-03-11,1,2,3,9,12,23,10,746822982,20
746,2017-03-18,3,12,33,36,42,45,25,2038623709,9
747,2017-03-25,7,9,12,14,23,28,17,1903214584,9
748,2017-04-01,3,10,13,22,31,32,29,1928246542,9
749,2017-04-08,12,14,24,26,34,45,41,1350104395,13
750,2017-04-15,1,2,15,19,24,36,12,2522104286,7
751,2017-04-22,3,4,16,20,28,44,17,2097968110,8
752,2017-04-29,4,16,20,33,40,43,7,1870358834,9
753,2017-05-06,2,17,19,24,37,41,3,2711105063,6
754,2017-05-13,2,8,17,24,29,31,32,3427542000,5
755,2017-05-20,13,14,26,28,30,36,37,2214427266,8
756,2017-05-27,10,14,16,18,27,28,4,3414434700,5
757,2017-06-03,6,7,11,17,33,44,1,739839858,21
758,2017-06-10,5,9,12,30,39,43,24,2078969954,8
759,2017-06-17,9,33,36,40,42,43,32,3032670500,6
760,2017-06-24,10,22,27,31,42,43,12,2253299391,8
761,2017-07-01,4,7,11,24,42,45,30,2392730518,7
762,2017-07-08,1,3,12,21,26,41,16,1631432063,10
763,2017-07-15,3,8,16,32,34,43,10,2138130000,8
764,2017-07-22,7,22,24,31,34,36,15,2459975465,7
765,2017-07-29,1,3,8,12,42,43,33,1109214250,15
766,2017-08-05,9,30,34,35,39,41,21,2173637297,8
767,2017-08-12,5,15,20,31,34,42,22,1163768725,15
768,2017-08-19,7,27,29,30,38,44,4,1363572260,13
769,2017-08-26,5,7,11,16,41,45,4,1930760042,9
770,2017-09-02,1,9,12,23,39,43,34,2163099329,8
771,2017-09-09,6,10,17,18,21,29,30,4362644907,4
772,2017-09-16,5,6,11,14,21,41,32,1769608838,10
773,2017-09-23,8,12,19,21,31,35,44,1609403080,11
774,2017-09-30,12,15,18,28,34,42,9,1709721512,11
775,2017-10-07,11,12,29,33,38,42,17,3470437650,5
776,2017-10-14,8,9,18,21,28,40,20,2557579393,7
777,2017-10-21,6,12,17,21,34,37,18,833468036,21
778,2017-10-28,6,21,35,36,37,41,11,6264069500,3
779,2017-11-04,6,12,19,24,34,41,4,1527709296,11
780,2017-11-11,15,17,19,21,27,45,16,1667520137,11
781,2017-11-18,11,16,18,19,24,39,43,1882891542,9
